Abbreviation,SMILES
[MPO3],CP(=O)(O)[O-] 
[ISB],CC(C)C(=O)[O-]
[NEtSO3],C(C[S](=O)(=O)[O-])N
[C7F15CO2],C(=O)(C(C(C(C(C(C(C(F)(F)F)(F)F)(F)F)(F)F)(F)F)(F)F)(F)F)[O-]
[Ac],CC(=O)[O-]
[TMA],CC(C)(C)C(=O)[O-]
[ACE],CC1=CC(=O)[N-]S(=O)(=O)O1
[TFES],[S](C(C(F)(F)F)(F)F)(=O)(=O)[O-]
[Lac],CC(C(=O)[O-])O
[Pro],C1CC(NC1)C(=O)[O-]
[Sar],CNCC(=O)[O-] 
[Gly],C(C(=O)[O-])N
[pFAP],[P-](F)(F)(C(C(C(F)(F)F)(F)F)(F)F)(C(C(C(F)(F)F)(F)F)(F)F)(F)C(C(C(F)(F)F)(F)F)(F)F
[eFAP],[P-](F)(F)(C(C(F)(F)F)(F)F)(C(C(F)(F)F)(F)F)(F)C(C(F)(F)F)(F)F
[Lys],C(CCN)CC(C(=O)[O-])N
[IAAc],N(CC(=O)[O-])CC(O)=O
[SAC],C1=CC=C2C(=C1)C(=NS2(=O)=O)[O-] 
[IoIoPO2],[P]([O-])(=O)(C(C)CC(C)(C)C)C(C)CC(C)(C)C
[Ala],C(C(=O)[O-])(C)N
[bFAP],[P-](F)(F)(C(C(C(F)(F)C(F)(F)F)(F)F)(F)F)(C(C(C(F)(F)C(F)(F)F)(F)F)(F)F)(F)C(C(C(F)(F)C(F)(F)F)(F)F)(F)F
[Ile],C(C(=O)[O-])(N)C(CC)C
[LEV],CC(=O)CCC(=O)[O-]
[doc],CCCCC(CC)COC(=O)CC(C(=O)OCC(CC)CCCC)S(=O)(=O)[O-]
[SUC],C(CC(=O)[O-])C(=O)N
[Br],[Br-]
[IDA],C(C(=O)[O-])NCC(=O)[O-]
[BF4],F[B-](F)(F)F
[Cl],[Cl-]
[DCA],N#C[N-]C#N
[NO3],O=[N+]([O-])[O-]
[PF6],F[P-](F)(F)(F)(F)F
[SCN],S=C=[N-]
[TCB],N#C[B-](C#N)(C#N)C#N
[C(CN)3],N#C[C-](C#N)C#N
[HSO4],OS(=O)(=O)[O-] 
[FSA],O=S(F)(=O)[N-]S(=O)(=O)F
[Tf2N],C(F)(F)(F)S(=NS(=O)(=O)C(F)(F)F)(=O)[O-]
[BETA],O=S(=O)([N-]S(=O)(=O)C(F)(F)C(F)(F)F)C(F)(F)C(F)(F)F
[FOR],O=C[O-]
[TFA],[O-]C(=O)C(F)(F)F
[C3F7CO2],[O-]C(=O)C(F)(F)C(F)(F)C(F)(F)F
[MeSO4],[O-]S(=O)(=O)OC
[EtSO4],O=S([O-])(=O)OCC
[MDEGSO4],[O-]S(=O)(=O)OCCOCCOC
[MeSO3],O=S(C)(=O)[O-]
[TfO],O=S([O-])(=O)C(F)(F)F
[NfO],[O-]S(=O)(=O)C(F)(F)C(F)(F)C(F)(F)C(F)(F)F
[TDfO],O=S([O-])(=O)C(F)(F)C(F)(F)C(F)(F)C(F)(F)C(F)(F)C(F)(F)F
[TOS],C1=CC(=CC=C1C)S(=O)(=O)[O-]
[C12PhSO3],C1(CCCCCCCCCCCC)C=CC(=CC=1)S(=O)(=O)[O-]
[DMPO4],[O-]P(=O)(OC)OC
[DEPO4],O=P([O-])(OCC)OCC
[DBPO4],O=P([O-])(OCCCC)OCCCC
[methide],O=S(=O)([C-](S(=O)(=O)C(F)(F)F)S(=O)(=O)C(F)(F)F)C(F)(F)F
[4-NO2PhO],C1=CC(=CC=C1[N+](=O)[O-])[O-] 
[PhO],C1=CC=C(C=C1)[O-] 
[4-MeOPhO],COC1=CC=C(C=C1)[O-] 
[MeOEtSO4],COCCOS(=O)(=O)[O-] 
[Im],C1=CN=C[N-]1
[2-Op],C1=CC=NC(=C1)[O-]
[Arg],C(CC(C(=O)[O-])N)CN([H])C(N)=N
[Prop],CCC(=O)[O-] 
[His],C1=C(NC=N1)CC(C(=O)[O-])N 
[Leu],CC(C)CC(C(=O)[O-])N
[Met],CSCCC(C(=O)[O-])N
[Val],CC(C)C(C(=O)[O-])N
[Gln],C1=NC(=C[N]1)CC(C([O-])=O)N
[Glu],C(CC(=O)O)C(C(=O)[O-])N 
[Tyr],C1=CC(=CC=C1CC(C(=O)[O-])N)O 
[Tz],C1=NN=C[N-]1 
[Pyrz],C1=C[N-]N=C1 
[Threo],CC(C(C(=O)[O-])N)O 
[C(CN)2],C(=C=[N-])C#N
[MABA],CNCCCC(=O)[O-] 
[GABA],C(CC(=O)[O-])CN
[EACA],C(CCC(=O)[O-])CCN
"[1,2,3-Triz]",C1=N[N-]N=C1 
[BenIm],C1=CC=C2C(=C1)[N-]C=N2
[Asn],C(C(C(=O)[O-])N)C(=O)N 
[2-CN-Pyr],C1=CC(=C=[N-])N=C1
[4-NO2-Pyra],C1=C(C=N[N-]1)[N+](=O)[O-] 
[Ser],C(C(C(=O)[O-])N)[O-]
[EDDA],C(CNCC(=O)[O-])NCC(=O)[O-] 
[NTA],C(C(=O)[O-])N(CC(=O)[O-])CC(=O)[O-] 
[SerH],C(C(C(=O)[O-])N)O 
[DAA],CC(=NC(=O)C)[O-] 
[Ph-Suc],C1=CC=C2C(=C1)C(=NC2=O)[O-] 
[2-F-PhO],C1=CC=C(C(=C1)[O-])F 
[3-F-PhO],C1=CC(=CC(=C1)F)[O-] 
[4-F-PhO],C1=CC(=CC=C1[O-])F 
[But],CCCC(=O)[O-] 
[dmGly],CN(C)CC(=O)[O-] 
[AA-Ac],C(CC(=O)[O-])C(C(=O)[O-])N 
[AA-Im],C(C(C(=O)[O-])N([H])[H])C1=C[N-]C=N1
[AA-Su],C(=O)([O-])C(CC[S](=O)(=O)[O-])N
[Am-iPA],C1=C(C=C(C=C1C(=O)[O-])N)C(=O)[O-] 
[Asp],C(C(C(=O)[O-])N)C(=O)[O-] 
[DC],C1=CC(=CC=C1OCC(=O)[O-])OCC(=O)[O-] 
[1-HDMPz],CC1=NN(C(=C1)[O-])C 
[1-HMPz],CC1=CC(=NN1)[O-] 
[1-Naph],C1=CC=C2C(=C1)C=CC=C2[O-] 
"[2,4,6-Cl-PhO]",C1=C(C=C(C(=C1Cl)[O-])Cl)Cl 
"[2,4-Cl-PhO]",C1=CC(=C(C=C1Cl)Cl)[O-] 
[2-Naph],C1=CC=C2C=C(C=CC2=C1)[O-] 
[2-SCH3-BenIm],CSC1=NC2=CC=CC=C2[N-]1 
[3-CF3-Pyrz],C1=C[N-]N=C1C(F)(F)F 
[3-CH3-5-CF3-Pyrz],CC1=N[N-]C(=C1)C(F)(F)F 
[3-Cl-PhO],C1=CC(=CC=C1[O-])Cl 
[3-HMPz],CN1C=CC(=N1)[O-] 
[3-N(CH3)2-PhO],CN(C)C1=CC=C(C=C1)[O-] 
[3-OCH3-2-Op],COC1=C(N=CC=C1)[O-] 
[3-Op],C1=CC(=CN=C1)[O-] 
"[4,5-2EF-Im]",COC(=C1C(=NC=N1)C(=O)OC)[O-] 
"[4,5-CN-Im]",C1=NC(=C=[N-])C(=N1)C#N 
[4-Br-Im],C1=NC(=C[N-]1)Br
[4-CF3-PhO],C1=CC=C(C(=C1)C(F)(F)F)[O-] 
[4-CH3-Im],CC1=C[N-]C=N1 
[4-CH3-PhO],CC1=CC=CC=C1[O-] 
[4-CH3O-PhO],COC1=CC=CC=C1[O-] 
[4-CHO-Im],C1=NC=NC1=C[O-] 
[4-CHO-PhO],C1=CC(=CC=C1C=O)[O-] 
[4-Cl-PhO],C1=CC=C(C(=C1)[O-])Cl 
[4-EF-PhO],CCOC(=O)C1=CC=C(C=C1)[O-] 
[4-Kt-PhO],CC(=O)C1=CC=C(C=C1)[O-] 
[4-NO2-Im],C1=C(N=C[N-]1)[N+](=O)[O-] 
[4-NO2-PhO],C1=CC=C(C(=C1)[N+](=O)[O-])[O-] 
[4-Op],C1=CN=CC=C1[O-] 
[5-HMPz],CN1C(=CC=N1)[O-] 
[6-Br-BenIm],C1=CC2=C(C=C1Br)N=C[N-]2 
[BenTriz],C1=CC2=N[N-]N=C2C=C1 
[CH3C(CN)2],CC(=C=[N-])C#N 
[ACAC],CC(=CC(=O)C)[O-] 
[MSAN],CS(=O)(=O)C=C=[N-] 
[Et2NCOCHCN],N(CC)(CC)C([C-]C#N)=O
[Ind],C1=CC2=C[N-]N=C2C=C1 
[MA-Tetz],C1(=NN=N[N-]1)CN
[Asa],C(N)S(=O)(=O)[O-] 
[o-AA],CC1=C(C(=CC=C1)C(=O)[O-])N 
[o-ANA],C1=CC(=C(N=C1)N)C(=O)[O-] 
[p-AA],CC1=C(C=CC(=C1)C(=O)[O-])N 
[p-ANA],C1=CC(=NC=C1C(=O)[O-])N 
[PCCPhO],C1=CC=CC(=C1)C=CC2=CC=C(C=C2)[O-]
[PhCOCHCN],C1=CC=C(C=C1)C(=O)C=C=[N-] 
[PhCOCHCOCH3],CC(=O)C=C(C1=CC=CC=C1)[O-] 
[PhSO2CHCN],C1=CC=C(C=C1)S(=O)(=O)C=C=[N-] 
[PNNPhO],C1=CC=CC=C1N=NC2=CC=C(C=C2)[O-]
[PPhO],C1=CC=C(C=C1)C2=CC=C(C=C2)[O-]
[Tetz],C1=NN=N[N-]1 
[Beta-Ala],C(CN)C(=O)[O-] 
